duration,credit_amount,age,installment_rate,sex,target
13.0,1618.0,50.0,4,male,1
40.0,3752.0,39.0,4,male,0
25.0,2809.0,33.0,4,female,0
35.0,2740.0,42.0,3,male,1
20.0,2459.0,19.0,4,male,0
13.0,1640.0,38.0,1,female,1
25.0,5137.0,52.0,2,male,1
9.0,2628.0,35.0,3,male,1
26.0,5596.0,61.0,1,female,1
17.0,1503.0,34.0,4,male,0
17.0,968.0,26.0,4,female,0
17.0,5205.0,45.0,4,male,0
8.0,1296.0,36.0,2,male,1
39.0,2640.0,46.0,2,male,0
4.0,2007.0,30.0,1,male,1
24.0,2266.0,45.0,3,male,0
4.0,2034.0,39.0,2,male,1
33.0,1353.0,40.0,4,female,1
18.0,1265.0,49.0,1,male,1
23.0,2763.0,29.0,3,female,1
27.0,1677.0,36.0,1,male,1
25.0,6038.0,52.0,3,male,1
23.0,2568.0,53.0,2,male,1
26.0,5162.0,47.0,1,male,0
25.0,1929.0,25.0,4,male,0
15.0,3731.0,40.0,3,male,0
17.0,1793.0,33.0,3,male,1
17.0,1459.0,34.0,2,male,0
11.0,2134.0,20.0,1,male,0
13.0,2178.0,19.0,3,female,0
38.0,8123.0,51.0,4,female,0
4.0,1159.0,47.0,4,male,0
43.0,1751.0,21.0,3,male,1
14.0,3541.0,34.0,2,male,1
29.0,2235.0,38.0,4,female,1
21.0,2628.0,31.0,2,male,1
18.0,3658.0,44.0,2,male,1
28.0,2262.0,34.0,2,female,1
43.0,1675.0,22.0,3,female,1
19.0,1147.0,33.0,1,male,1
20.0,2355.0,43.0,3,female,1
14.0,3231.0,27.0,2,female,1
47.0,2765.0,47.0,2,female,0
36.0,4531.0,51.0,4,female,1
35.0,1976.0,45.0,1,male,1
21.0,2833.0,45.0,2,female,1
4.0,1512.0,36.0,3,female,1
27.0,866.0,44.0,3,male,1
4.0,3256.0,29.0,4,male,1
13.0,1898.0,19.0,1,female,1
33.0,3444.0,30.0,2,male,0
13.0,1746.0,55.0,1,male,0
12.0,1023.0,50.0,1,male,1
4.0,1451.0,25.0,1,female,1
30.0,2065.0,35.0,3,female,0
26.0,1675.0,29.0,2,male,0
14.0,2065.0,24.0,4,female,1
26.0,3239.0,34.0,1,female,0
4.0,2377.0,47.0,3,female,0
9.0,3101.0,38.0,3,male,1
23.0,2219.0,35.0,3,male,0
32.0,1679.0,19.0,3,male,0
20.0,1400.0,63.0,2,male,1
5.0,754.0,24.0,3,female,0
14.0,3276.0,38.0,2,male,1
35.0,4346.0,48.0,2,female,0
13.0,1386.0,39.0,1,male,1
24.0,1427.0,47.0,2,female,1
26.0,1507.0,19.0,4,male,0
13.0,2883.0,27.0,2,male,0
21.0,2537.0,30.0,4,male,0
4.0,2097.0,22.0,2,male,1
13.0,2344.0,19.0,3,female,1
21.0,961.0,48.0,4,female,0
29.0,2249.0,23.0,1,male,1
38.0,2182.0,51.0,2,male,0
14.0,3114.0,48.0,4,female,1
27.0,1629.0,33.0,3,male,0
19.0,1829.0,21.0,3,female,1
10.0,2683.0,30.0,4,male,0
11.0,8747.0,30.0,2,female,1
20.0,1751.0,30.0,3,female,1
21.0,6960.0,29.0,4,male,1
11.0,1440.0,37.0,1,female,1
53.0,2529.0,34.0,3,male,0
20.0,1440.0,37.0,3,male,1
29.0,5019.0,37.0,3,male,1
17.0,2587.0,52.0,3,male,1
55.0,2745.0,62.0,1,male,1
4.0,4091.0,37.0,3,male,0
16.0,4823.0,37.0,2,female,0
23.0,1701.0,36.0,3,female,1
36.0,2797.0,49.0,3,male,1
20.0,1879.0,46.0,4,female,0
8.0,4432.0,39.0,4,female,1
41.0,804.0,36.0,4,female,1
29.0,7555.0,45.0,4,male,0
17.0,2135.0,50.0,3,female,1
17.0,806.0,32.0,4,male,1
17.0,2825.0,42.0,4,male,1
22.0,1526.0,19.0,1,male,0
4.0,2451.0,29.0,1,female,1
22.0,2597.0,43.0,1,male,1
13.0,4264.0,19.0,4,male,0
27.0,887.0,20.0,2,male,1
25.0,3012.0,40.0,2,male,1
7.0,4432.0,19.0,3,male,1
38.0,1185.0,34.0,4,female,1
30.0,3599.0,63.0,2,male,1
9.0,3706.0,41.0,1,male,0
7.0,1823.0,58.0,2,male,1
12.0,864.0,55.0,4,male,1
25.0,2635.0,29.0,2,male,1
37.0,1921.0,35.0,3,male,0
9.0,5612.0,42.0,4,male,1
10.0,2128.0,51.0,2,female,1
27.0,3538.0,55.0,1,male,1
20.0,2925.0,47.0,1,male,0
20.0,2701.0,41.0,2,female,1
19.0,1217.0,25.0,1,female,0
16.0,1624.0,50.0,3,male,1
43.0,2602.0,31.0,1,male,1
33.0,2352.0,49.0,3,male,0
16.0,2288.0,54.0,2,male,1
36.0,3683.0,21.0,4,male,1
45.0,2522.0,62.0,1,male,1
27.0,3557.0,36.0,3,female,1
25.0,2565.0,51.0,4,male,1
14.0,2964.0,49.0,1,male,1
22.0,1862.0,60.0,3,male,1
23.0,1052.0,51.0,2,female,0
37.0,3818.0,58.0,1,male,1
8.0,3797.0,48.0,1,male,1
4.0,3407.0,28.0,3,male,1
14.0,1553.0,35.0,2,female,1
25.0,4352.0,46.0,2,female,1
4.0,2524.0,49.0,4,female,0
18.0,2653.0,39.0,1,male,1
10.0,1682.0,29.0,4,male,0
6.0,1875.0,23.0,4,female,0
22.0,1743.0,38.0,2,male,1
35.0,2995.0,69.0,2,male,1
4.0,1656.0,36.0,2,male,0
23.0,2407.0,32.0,4,male,1
18.0,1831.0,45.0,4,female,0
29.0,1188.0,46.0,1,male,0
21.0,2493.0,39.0,1,male,1
12.0,2596.0,19.0,3,male,1
32.0,2551.0,30.0,2,male,0
26.0,483.0,30.0,2,male,1
7.0,4128.0,45.0,2,female,1
4.0,2393.0,30.0,1,male,0
11.0,1427.0,35.0,3,male,1
23.0,6581.0,25.0,1,male,1
30.0,2473.0,31.0,3,male,0
13.0,3564.0,64.0,2,female,0
15.0,2602.0,48.0,1,female,1
4.0,722.0,42.0,1,male,1
14.0,4532.0,28.0,4,male,0
22.0,1303.0,23.0,2,male,0
13.0,4302.0,50.0,3,female,0
19.0,2259.0,37.0,4,male,1
8.0,1503.0,44.0,3,male,0
9.0,667.0,40.0,3,male,1
24.0,1906.0,39.0,1,female,0
4.0,1378.0,19.0,4,female,0
20.0,2470.0,49.0,4,female,1
35.0,1335.0,59.0,1,female,0
13.0,3523.0,38.0,1,male,1
14.0,1841.0,36.0,3,male,0
9.0,1919.0,40.0,2,male,1
4.0,6764.0,35.0,4,male,1
13.0,3647.0,19.0,1,female,1
4.0,1703.0,33.0,2,male,1
17.0,2947.0,37.0,3,male,0
13.0,988.0,50.0,3,male,1
6.0,1594.0,26.0,1,male,1
20.0,2189.0,34.0,1,male,1
33.0,1623.0,38.0,2,male,1
30.0,1397.0,43.0,4,male,1
16.0,3409.0,61.0,1,female,1
20.0,1770.0,45.0,2,male,1
7.0,1544.0,45.0,4,male,1
17.0,1767.0,24.0,3,male,1
28.0,1707.0,57.0,4,male,1
30.0,3683.0,19.0,1,male,1
37.0,2855.0,54.0,1,male,1
4.0,1039.0,48.0,4,male,1
40.0,4959.0,39.0,2,male,0
25.0,4292.0,26.0,3,male,1
40.0,2097.0,44.0,1,male,1
20.0,1400.0,32.0,1,male,1
35.0,2468.0,54.0,1,male,1
19.0,1798.0,19.0,1,male,1
7.0,3153.0,39.0,1,female,0
24.0,2377.0,19.0,2,male,1
13.0,4679.0,39.0,2,female,0
19.0,988.0,34.0,4,male,0
27.0,1759.0,48.0,4,female,1
30.0,2829.0,25.0,2,female,0
28.0,1882.0,26.0,4,female,1
32.0,1958.0,19.0,3,male,0
4.0,1265.0,32.0,1,male,1
34.0,6550.0,40.0,3,male,1
9.0,2174.0,35.0,1,male,1
21.0,3495.0,27.0,4,male,1
14.0,1575.0,35.0,2,female,1
5.0,1892.0,44.0,4,male,1
32.0,2346.0,41.0,4,female,0
7.0,5723.0,19.0,2,male,0
13.0,4915.0,32.0,1,male,0
38.0,7073.0,28.0,4,female,1
4.0,5322.0,19.0,1,male,1
4.0,5220.0,45.0,2,male,1
32.0,2162.0,41.0,4,male,1
14.0,1656.0,25.0,2,female,0
30.0,4831.0,44.0,4,male,1
20.0,1635.0,40.0,4,female,0
13.0,3184.0,32.0,3,female,1
29.0,1766.0,41.0,4,male,0
11.0,1353.0,35.0,2,male,1
13.0,2483.0,30.0,1,male,0
23.0,1479.0,50.0,3,female,1
6.0,2025.0,19.0,3,female,0
4.0,3768.0,60.0,3,female,1
4.0,2151.0,40.0,3,male,1
32.0,4092.0,33.0,2,male,1
45.0,1944.0,42.0,1,male,1
35.0,2922.0,27.0,3,male,1
12.0,1385.0,33.0,1,male,1
13.0,4814.0,63.0,1,male,1
7.0,813.0,42.0,3,male,0
20.0,2821.0,36.0,3,male,1
33.0,3241.0,36.0,3,male,0
19.0,522.0,48.0,1,female,0
19.0,981.0,48.0,2,female,1
4.0,1023.0,33.0,1,female,0
24.0,2316.0,52.0,2,male,1
4.0,2072.0,37.0,4,female,0
17.0,2014.0,37.0,4,male,1
25.0,3335.0,47.0,2,male,0
21.0,7625.0,30.0,3,male,0
29.0,1387.0,19.0,1,male,1
40.0,2944.0,36.0,1,female,1
4.0,2446.0,48.0,2,male,1
4.0,4167.0,34.0,2,male,0
42.0,804.0,48.0,2,male,1
26.0,991.0,52.0,1,female,1
11.0,1333.0,34.0,3,female,1
17.0,1332.0,37.0,4,male,1
20.0,2745.0,36.0,2,female,0
34.0,1899.0,46.0,3,female,1
16.0,826.0,43.0,3,male,1
20.0,1601.0,39.0,4,male,1
4.0,981.0,54.0,3,male,1
39.0,1601.0,42.0,4,male,0
26.0,2168.0,41.0,3,female,0
14.0,1564.0,29.0,1,male,1
4.0,4487.0,39.0,1,male,1
20.0,7555.0,55.0,2,female,1
32.0,3143.0,46.0,1,male,1
50.0,1039.0,39.0,1,male,1
45.0,5159.0,37.0,2,male,1
15.0,7068.0,28.0,3,female,0
15.0,2161.0,29.0,2,male,1
8.0,2911.0,50.0,3,male,1
26.0,4289.0,38.0,4,male,0
10.0,2650.0,39.0,1,male,1
28.0,4631.0,54.0,2,male,1
25.0,3217.0,33.0,1,male,1
26.0,1751.0,32.0,4,female,1
8.0,1863.0,55.0,4,female,1
35.0,2112.0,46.0,1,female,1
18.0,1663.0,19.0,3,male,0
5.0,4757.0,38.0,1,male,1
20.0,2848.0,29.0,3,female,0
23.0,2160.0,32.0,3,male,0
21.0,3657.0,36.0,3,male,0
33.0,2515.0,19.0,1,female,1
36.0,4128.0,30.0,3,female,1
50.0,5723.0,60.0,3,male,0
19.0,2624.0,36.0,4,female,0
36.0,1792.0,33.0,3,male,1
4.0,1227.0,49.0,2,male,1
45.0,6049.0,23.0,1,male,0
20.0,2944.0,36.0,3,male,1
37.0,1778.0,54.0,4,male,0
17.0,2267.0,38.0,4,female,0
28.0,1310.0,41.0,4,female,1
29.0,4869.0,36.0,2,male,1
13.0,2823.0,42.0,1,female,1
13.0,1981.0,46.0,3,male,1
4.0,1039.0,36.0,4,female,1
28.0,7110.0,39.0,4,male,0
18.0,2557.0,41.0,1,male,1
18.0,754.0,19.0,4,male,1
36.0,1801.0,49.0,4,male,1
25.0,2374.0,60.0,4,female,0
24.0,2604.0,48.0,1,male,1
4.0,1313.0,40.0,4,male,1
23.0,4372.0,34.0,4,male,1
17.0,3239.0,42.0,4,female,1
33.0,2469.0,62.0,2,female,0
14.0,1679.0,56.0,2,male,1
5.0,904.0,30.0,4,male,1
18.0,1894.0,56.0,4,male,1
45.0,2163.0,30.0,4,male,0
9.0,1236.0,30.0,2,female,1
37.0,2831.0,37.0,2,male,1
18.0,3600.0,46.0,3,male,0
4.0,1862.0,35.0,3,female,0
29.0,1954.0,50.0,4,female,0
51.0,2416.0,42.0,1,female,1
27.0,5810.0,58.0,1,male,0
7.0,5025.0,23.0,4,male,0
18.0,964.0,39.0,2,female,0
9.0,1854.0,46.0,2,male,1
55.0,7993.0,58.0,4,male,1
28.0,2017.0,19.0,1,male,1
4.0,5887.0,36.0,3,male,1
32.0,3137.0,19.0,2,male,1
27.0,4634.0,44.0,3,male,0
8.0,1983.0,32.0,3,male,0
13.0,2493.0,42.0,4,female,0
20.0,3186.0,51.0,1,male,1
44.0,2416.0,49.0,2,male,1
14.0,2335.0,36.0,1,male,1
11.0,5072.0,46.0,4,male,1
33.0,2200.0,69.0,4,female,1
12.0,4799.0,33.0,3,male,0
7.0,1748.0,45.0,4,male,1
19.0,2022.0,33.0,2,male,1
32.0,3523.0,49.0,2,male,1
22.0,3148.0,29.0,4,male,1
16.0,3946.0,46.0,3,male,1
39.0,2474.0,22.0,4,male,1
39.0,2399.0,40.0,4,male,0
4.0,1873.0,67.0,1,male,1
6.0,999.0,25.0,3,male,1
9.0,1939.0,31.0,2,male,1
18.0,4109.0,50.0,3,female,0
23.0,2335.0,26.0,1,male,1
20.0,2680.0,19.0,4,female,0
22.0,4621.0,20.0,1,male,0
27.0,1464.0,40.0,3,male,0
4.0,2873.0,52.0,3,male,1
4.0,1778.0,39.0,4,female,1
25.0,4345.0,39.0,3,male,1
37.0,1085.0,51.0,3,male,1
23.0,2011.0,38.0,2,female,1
15.0,1859.0,55.0,1,male,0
28.0,2017.0,57.0,2,male,1
16.0,1808.0,35.0,2,female,1
4.0,6144.0,54.0,2,female,0
16.0,2135.0,47.0,3,male,1
31.0,2228.0,37.0,3,male,1
25.0,1093.0,38.0,4,female,1
30.0,1175.0,51.0,4,male,1
14.0,1593.0,24.0,1,male,1
28.0,1242.0,20.0,3,male,1
39.0,3172.0,53.0,3,female,0
16.0,1778.0,62.0,2,male,1
14.0,1915.0,41.0,4,male,1
37.0,2248.0,51.0,1,male,0
22.0,1468.0,19.0,4,female,0
6.0,1188.0,23.0,2,male,0
15.0,1676.0,32.0,1,female,1
38.0,2714.0,35.0,2,female,0
26.0,2271.0,40.0,4,male,1
45.0,1544.0,33.0,2,male,1
29.0,5612.0,38.0,4,male,1
24.0,2925.0,36.0,4,male,0
34.0,3444.0,46.0,3,male,1
13.0,5339.0,51.0,2,male,0
35.0,1471.0,49.0,4,male,1
20.0,3935.0,55.0,4,male,1
18.0,2756.0,36.0,4,female,1
26.0,2827.0,33.0,3,female,1
15.0,1039.0,19.0,1,female,1
7.0,1545.0,19.0,4,female,1
9.0,2411.0,48.0,1,male,1
28.0,2370.0,44.0,2,female,1
25.0,5456.0,39.0,3,male,1
22.0,1989.0,35.0,3,male,0
30.0,2763.0,24.0,2,male,1
9.0,2025.0,19.0,3,female,0
16.0,1182.0,31.0,4,female,1
42.0,2022.0,35.0,3,male,1
9.0,2524.0,19.0,1,male,1
38.0,5959.0,55.0,4,male,1
17.0,4556.0,31.0,3,male,0
28.0,1850.0,43.0,1,male,1
24.0,1485.0,54.0,1,female,0
18.0,2387.0,56.0,4,female,1
22.0,1817.0,35.0,2,male,1
33.0,7866.0,51.0,4,male,1
12.0,3736.0,49.0,2,female,1
9.0,2349.0,38.0,2,female,1
32.0,1861.0,42.0,3,male,1
16.0,1356.0,28.0,2,female,1
19.0,2307.0,41.0,4,female,1
18.0,544.0,30.0,4,male,1
16.0,1984.0,36.0,4,male,1
4.0,1902.0,39.0,2,male,1
20.0,5344.0,50.0,2,female,1
15.0,941.0,35.0,1,male,1
4.0,3814.0,35.0,4,female,1
14.0,2017.0,33.0,2,female,1
24.0,3610.0,68.0,1,male,1
44.0,1656.0,33.0,1,male,0
14.0,3001.0,44.0,4,male,0
38.0,3768.0,21.0,2,female,1
15.0,7926.0,39.0,4,female,0
27.0,1582.0,24.0,3,male,1
18.0,2261.0,31.0,4,male,0
31.0,2316.0,47.0,3,female,1
23.0,1805.0,59.0,1,male,1
16.0,2312.0,40.0,4,female,1
4.0,2453.0,45.0,1,male,1
34.0,2035.0,40.0,4,female,0
4.0,957.0,32.0,3,male,1
13.0,2790.0,39.0,1,male,1
44.0,1117.0,50.0,2,male,1
24.0,2337.0,40.0,1,male,0
22.0,4091.0,34.0,3,male,0
23.0,1217.0,32.0,3,male,1
24.0,2267.0,44.0,1,male,0
17.0,2694.0,34.0,1,male,1
26.0,2391.0,49.0,4,male,0
19.0,1928.0,22.0,3,male,0
17.0,2457.0,47.0,1,male,1
27.0,3473.0,29.0,4,female,1
29.0,1414.0,37.0,4,male,0
26.0,2226.0,63.0,3,male,1
33.0,3541.0,51.0,3,male,1
46.0,1823.0,32.0,2,male,1
44.0,1296.0,34.0,1,male,1
22.0,3594.0,49.0,4,male,1
7.0,3462.0,50.0,1,male,1
35.0,3998.0,38.0,4,female,0
23.0,2434.0,47.0,2,female,1
32.0,1759.0,33.0,3,male,1
17.0,5339.0,19.0,2,male,1
32.0,4634.0,52.0,1,male,0
7.0,3644.0,33.0,2,female,1
23.0,1902.0,45.0,4,male,1
4.0,2573.0,36.0,3,male,0
47.0,1547.0,35.0,1,female,0
18.0,1386.0,27.0,4,male,1
4.0,2521.0,47.0,4,female,0
38.0,2906.0,49.0,1,male,1
34.0,3265.0,54.0,3,male,1
39.0,2603.0,47.0,3,female,1
7.0,6882.0,44.0,1,male,1
26.0,1453.0,32.0,3,female,0
38.0,4858.0,39.0,1,male,1
19.0,1985.0,43.0,3,female,1
27.0,3941.0,19.0,4,male,1
19.0,1487.0,25.0,1,female,1
17.0,7257.0,37.0,4,female,1
39.0,5205.0,49.0,4,male,0
12.0,1028.0,55.0,3,male,1
22.0,4816.0,60.0,4,female,0
29.0,2722.0,29.0,3,male,1
22.0,3893.0,39.0,1,female,1
33.0,2471.0,32.0,4,male,0
4.0,2258.0,28.0,3,male,1
36.0,1178.0,34.0,1,female,1
7.0,1935.0,39.0,3,female,1
19.0,2446.0,48.0,1,female,0
17.0,991.0,21.0,2,male,1
28.0,1459.0,36.0,3,female,0
19.0,2474.0,27.0,4,male,1
16.0,3115.0,55.0,3,male,1
31.0,1975.0,59.0,1,male,1
48.0,5162.0,33.0,2,female,1
14.0,1898.0,30.0,3,male,1
13.0,3407.0,46.0,3,female,0
14.0,4861.0,50.0,4,male,1
6.0,1613.0,26.0,1,female,1
6.0,4445.0,33.0,2,male,1
15.0,2306.0,41.0,4,female,0
31.0,1583.0,26.0,2,male,0
15.0,5717.0,57.0,3,male,1
11.0,5815.0,38.0,1,male,1
20.0,2110.0,38.0,1,male,1
11.0,4311.0,25.0,4,male,1
53.0,4172.0,54.0,1,male,1
41.0,2485.0,23.0,4,male,1
22.0,7555.0,30.0,2,male,0
4.0,2336.0,31.0,3,male,1
14.0,1778.0,36.0,4,male,0
10.0,2521.0,21.0,1,male,1
10.0,2360.0,29.0,1,female,1
4.0,1978.0,45.0,4,female,1
15.0,2150.0,37.0,3,male,0
14.0,1207.0,39.0,2,male,1
13.0,3439.0,50.0,4,female,0
5.0,1185.0,42.0,1,female,1
26.0,4432.0,50.0,3,male,1
10.0,3563.0,38.0,1,female,0
4.0,2016.0,27.0,1,male,1
8.0,2025.0,58.0,4,male,0
32.0,1815.0,19.0,4,male,0
36.0,2544.0,22.0,3,male,0
7.0,6070.0,25.0,1,male,1
19.0,2995.0,66.0,2,female,1
28.0,2017.0,39.0,3,male,0
33.0,6114.0,51.0,3,female,1
15.0,2023.0,19.0,4,male,1
25.0,2090.0,25.0,1,male,1
16.0,7347.0,42.0,3,male,1
4.0,3514.0,33.0,2,male,1
33.0,4715.0,39.0,3,male,0
20.0,3478.0,45.0,2,male,1
27.0,3339.0,39.0,3,male,1
18.0,3568.0,39.0,1,male,1
10.0,3731.0,40.0,2,male,1
15.0,7602.0,36.0,3,female,0
25.0,1350.0,41.0,4,male,1
5.0,743.0,49.0,4,female,0
41.0,2187.0,27.0,3,female,0
50.0,1153.0,41.0,4,male,0
4.0,2709.0,49.0,4,male,1
33.0,1335.0,36.0,2,female,1
16.0,2570.0,37.0,4,male,1
29.0,4465.0,60.0,4,male,1
23.0,1948.0,51.0,2,female,1
19.0,1707.0,66.0,2,male,1
33.0,3797.0,61.0,2,male,1
22.0,1701.0,34.0,2,female,1
40.0,2453.0,30.0,3,male,1
25.0,2354.0,35.0,3,male,1
4.0,1238.0,48.0,2,male,1
19.0,4092.0,19.0,3,female,1
21.0,1396.0,38.0,4,female,0
14.0,3973.0,53.0,4,male,1
6.0,3063.0,38.0,4,male,1
46.0,1435.0,42.0,2,male,1
20.0,2090.0,35.0,2,male,0
21.0,3914.0,19.0,4,female,1
4.0,2140.0,49.0,3,male,1
28.0,7625.0,35.0,1,male,1
20.0,1471.0,43.0,4,male,0
35.0,4715.0,38.0,4,female,0
43.0,1036.0,62.0,1,male,1
13.0,2178.0,43.0,4,male,1
12.0,4159.0,43.0,1,male,1
36.0,904.0,37.0,4,female,1
35.0,2919.0,29.0,3,male,0
25.0,1385.0,42.0,2,male,1
31.0,1222.0,51.0,1,male,1
17.0,1703.0,38.0,1,female,1
21.0,1896.0,19.0,1,female,1
21.0,1948.0,29.0,2,male,1
4.0,1822.0,61.0,4,male,1
31.0,1583.0,31.0,2,male,1
32.0,660.0,39.0,4,female,1
9.0,5025.0,19.0,2,male,0
14.0,7167.0,32.0,2,female,1
25.0,3176.0,28.0,3,male,0
31.0,2159.0,48.0,4,male,1
22.0,1464.0,45.0,1,male,1
15.0,2886.0,45.0,3,male,1
27.0,2903.0,51.0,4,male,1
23.0,1538.0,32.0,2,female,0
9.0,2252.0,59.0,3,male,1
17.0,3658.0,36.0,2,male,1
17.0,2905.0,49.0,2,male,1
30.0,2451.0,63.0,2,male,1
5.0,2636.0,32.0,2,male,1
11.0,1689.0,42.0,4,female,1
16.0,2423.0,37.0,1,female,1
22.0,2597.0,39.0,1,male,0
51.0,1710.0,41.0,2,female,1
19.0,2349.0,37.0,1,female,1
34.0,4008.0,38.0,1,male,1
32.0,4315.0,47.0,1,female,1
38.0,804.0,23.0,2,male,0
44.0,1154.0,29.0,1,female,1
29.0,4161.0,33.0,2,male,1
9.0,3108.0,22.0,2,male,1
17.0,3130.0,42.0,4,female,1
40.0,1175.0,33.0,1,male,1
49.0,2618.0,28.0,1,male,0
38.0,3420.0,23.0,1,male,1
51.0,3168.0,28.0,1,male,1
30.0,1706.0,43.0,1,female,1
11.0,1854.0,23.0,3,male,1
22.0,2933.0,49.0,1,female,1
25.0,2759.0,46.0,2,male,1
33.0,4915.0,42.0,2,female,1
32.0,774.0,19.0,3,male,1
10.0,1831.0,29.0,1,male,1
36.0,4800.0,51.0,1,male,1
14.0,1333.0,34.0,2,male,1
25.0,2634.0,29.0,4,male,1
30.0,5325.0,30.0,1,male,1
30.0,1451.0,42.0,1,male,1
28.0,2978.0,19.0,4,male,0
14.0,6623.0,51.0,3,female,0
20.0,1235.0,40.0,2,male,0
33.0,867.0,26.0,4,male,1
15.0,4311.0,46.0,1,male,1
7.0,1932.0,19.0,4,female,0
4.0,2391.0,24.0,4,female,1
22.0,2583.0,41.0,2,female,1
10.0,4727.0,56.0,4,female,1
21.0,2133.0,24.0,4,male,1
8.0,4123.0,22.0,3,male,0
16.0,3692.0,37.0,4,male,0
17.0,2469.0,39.0,3,female,0
33.0,4335.0,29.0,1,female,1
10.0,2902.0,29.0,3,male,1
7.0,2356.0,57.0,2,female,0
22.0,11404.0,28.0,1,female,0
32.0,865.0,19.0,4,male,0
9.0,1322.0,33.0,2,male,1
28.0,1428.0,54.0,1,male,1
21.0,1998.0,46.0,4,male,1
28.0,2738.0,37.0,4,male,1
4.0,2168.0,23.0,4,male,1
22.0,7669.0,37.0,4,male,1
18.0,1902.0,69.0,1,female,1
24.0,1374.0,45.0,4,male,1
12.0,2484.0,50.0,1,male,0
20.0,1981.0,19.0,1,female,1
4.0,1902.0,33.0,3,male,1
21.0,3995.0,31.0,2,female,1
38.0,2957.0,59.0,4,male,0
24.0,4447.0,35.0,2,male,1
22.0,1385.0,37.0,3,male,1
26.0,3435.0,32.0,3,male,0
39.0,2517.0,19.0,1,male,1
12.0,1788.0,51.0,2,male,0
4.0,1030.0,19.0,2,male,1
7.0,2360.0,31.0,3,female,0
12.0,1312.0,19.0,2,male,1
22.0,3578.0,31.0,4,female,0
32.0,3157.0,33.0,2,male,0
12.0,3165.0,32.0,3,male,0
8.0,8817.0,56.0,4,male,1
33.0,4841.0,24.0,3,male,0
35.0,842.0,34.0,4,female,0
11.0,3355.0,44.0,3,male,1
31.0,2787.0,33.0,3,male,1
19.0,2766.0,32.0,4,male,1
15.0,1905.0,61.0,4,male,1
19.0,3965.0,47.0,4,female,0
10.0,513.0,27.0,3,female,0
4.0,1175.0,40.0,2,female,1
4.0,3384.0,27.0,2,male,1
11.0,2720.0,43.0,3,male,1
25.0,3966.0,21.0,1,female,1
26.0,2017.0,47.0,1,male,1
32.0,1881.0,42.0,1,male,1
11.0,3690.0,41.0,4,male,1
21.0,2687.0,37.0,3,female,1
4.0,942.0,39.0,4,male,1
8.0,3995.0,28.0,2,male,1
34.0,1364.0,38.0,3,female,1
19.0,3893.0,45.0,1,male,1
45.0,2763.0,43.0,1,female,1
30.0,3355.0,27.0,2,male,0
15.0,4152.0,45.0,2,male,1
12.0,1400.0,24.0,2,female,0
4.0,3439.0,29.0,1,male,1
38.0,2414.0,28.0,3,male,0
34.0,2158.0,31.0,4,male,1
59.0,2524.0,37.0,3,female,0
47.0,1930.0,46.0,4,male,0
25.0,2519.0,51.0,1,female,1
8.0,2790.0,43.0,3,female,1
4.0,1731.0,29.0,3,male,0
16.0,4349.0,47.0,2,female,0
21.0,2588.0,49.0,3,female,0
4.0,1332.0,28.0,1,female,1
30.0,3148.0,24.0,2,female,1
33.0,3241.0,36.0,3,male,0
8.0,1109.0,60.0,1,male,1
18.0,2867.0,34.0,4,male,1
4.0,2002.0,35.0,4,male,0
34.0,2846.0,46.0,4,female,1
9.0,2219.0,24.0,4,male,0
7.0,3009.0,25.0,4,female,0
4.0,2683.0,36.0,4,female,0
8.0,753.0,47.0,4,male,1
4.0,2536.0,34.0,2,male,1
34.0,3318.0,30.0,1,male,1
29.0,3587.0,19.0,4,male,0
5.0,4677.0,57.0,2,female,1
9.0,2925.0,23.0,4,male,0
20.0,4891.0,54.0,4,male,1
22.0,3839.0,29.0,1,male,0
7.0,1921.0,51.0,2,female,1
38.0,1710.0,58.0,1,female,1
29.0,4841.0,28.0,3,male,0
47.0,3587.0,45.0,2,male,0
4.0,925.0,46.0,4,male,0
4.0,1364.0,52.0,4,female,1
30.0,4531.0,34.0,3,female,1
24.0,2684.0,53.0,2,female,1
17.0,957.0,38.0,3,female,1
6.0,3095.0,26.0,3,female,1
27.0,4127.0,50.0,2,male,0
14.0,3460.0,53.0,3,male,0
38.0,2426.0,37.0,1,male,1
35.0,2219.0,36.0,1,female,1
33.0,1882.0,47.0,3,male,1
4.0,1866.0,58.0,4,male,1
25.0,2852.0,23.0,3,male,0
44.0,8107.0,51.0,2,male,1
45.0,8123.0,63.0,4,female,1
37.0,2261.0,27.0,3,male,1
35.0,1090.0,44.0,4,female,0
11.0,2337.0,38.0,3,male,1
40.0,2134.0,41.0,3,male,1
46.0,2168.0,53.0,1,male,1
27.0,979.0,19.0,4,male,1
28.0,2379.0,32.0,4,male,0
19.0,1746.0,21.0,4,female,1
23.0,2520.0,34.0,2,female,1
17.0,1039.0,60.0,1,male,1
27.0,2504.0,25.0,4,male,0
18.0,1246.0,32.0,3,female,0
4.0,1541.0,30.0,1,male,1
13.0,1731.0,42.0,4,male,1
26.0,1861.0,34.0,1,female,1
24.0,1861.0,28.0,4,male,0
40.0,1861.0,28.0,4,male,0
33.0,1797.0,36.0,1,male,0
38.0,1703.0,23.0,3,male,1
20.0,1823.0,19.0,3,female,0
35.0,2042.0,51.0,3,male,0
12.0,6484.0,39.0,1,female,1
12.0,3936.0,31.0,1,female,1
33.0,1816.0,36.0,4,male,1
24.0,1154.0,46.0,1,female,1
11.0,4432.0,28.0,3,male,0
33.0,2459.0,38.0,3,female,0
40.0,2999.0,31.0,4,male,1
31.0,4531.0,53.0,3,male,1
38.0,873.0,19.0,4,male,1
33.0,1802.0,21.0,4,male,0
33.0,2740.0,55.0,2,female,1
10.0,5118.0,24.0,2,male,0
4.0,2324.0,28.0,1,male,1
16.0,2565.0,23.0,3,female,1
4.0,2363.0,19.0,4,female,0
13.0,2400.0,36.0,4,male,1
7.0,2635.0,46.0,2,male,1
22.0,1831.0,41.0,1,male,1
12.0,1663.0,23.0,1,female,1
21.0,2012.0,31.0,2,male,1
9.0,3409.0,58.0,1,female,1
17.0,4510.0,36.0,3,female,1
41.0,2658.0,27.0,1,male,0
8.0,2101.0,48.0,4,male,1
4.0,4631.0,34.0,2,male,1
39.0,3335.0,19.0,2,female,1
31.0,3632.0,28.0,3,male,1
20.0,2296.0,48.0,2,female,1
16.0,1976.0,35.0,3,male,1
25.0,3186.0,36.0,1,female,1
16.0,2248.0,45.0,3,male,1
33.0,4576.0,28.0,1,male,1
17.0,1512.0,20.0,2,female,0
13.0,2919.0,37.0,3,female,1
28.0,2485.0,30.0,4,male,0
10.0,1396.0,37.0,3,male,1
28.0,2032.0,29.0,4,male,1
6.0,1371.0,28.0,3,female,0
14.0,2022.0,21.0,4,male,1
23.0,2130.0,40.0,2,male,1
12.0,8747.0,62.0,1,male,0
34.0,1396.0,23.0,1,male,0
20.0,3459.0,51.0,1,male,1
23.0,1941.0,45.0,2,female,1
4.0,2947.0,30.0,1,male,0
28.0,2056.0,26.0,1,male,1
22.0,1585.0,43.0,4,female,0
4.0,5162.0,34.0,1,female,1
24.0,4432.0,34.0,3,male,1
25.0,948.0,32.0,4,male,0
12.0,2258.0,60.0,4,female,1
7.0,2017.0,19.0,3,male,0
4.0,1007.0,42.0,1,male,1
21.0,2691.0,60.0,1,female,1
21.0,3209.0,39.0,4,male,1
18.0,2520.0,63.0,4,female,1
47.0,3181.0,38.0,2,male,0
20.0,6101.0,39.0,4,male,0
23.0,1949.0,47.0,4,male,1
4.0,4714.0,29.0,2,male,1
25.0,7555.0,38.0,4,male,0
33.0,513.0,44.0,1,male,1
9.0,2162.0,30.0,3,male,1
48.0,5118.0,43.0,3,male,1
13.0,2944.0,51.0,2,female,1
22.0,1800.0,24.0,2,male,1
16.0,5242.0,36.0,4,male,0
16.0,3903.0,42.0,1,male,1
4.0,991.0,28.0,1,female,0
32.0,3808.0,50.0,1,female,1
4.0,2189.0,52.0,2,male,1
37.0,2787.0,31.0,2,male,0
7.0,1281.0,40.0,1,male,1
14.0,3264.0,30.0,4,male,1
52.0,2756.0,37.0,3,female,1
8.0,1464.0,43.0,3,male,1
18.0,2056.0,36.0,1,female,1
4.0,5207.0,40.0,2,female,1
18.0,5613.0,33.0,4,male,0
26.0,1085.0,52.0,4,male,1
41.0,3256.0,49.0,3,male,1
4.0,2063.0,30.0,4,female,1
20.0,1898.0,44.0,4,female,1
28.0,2846.0,68.0,3,female,1
33.0,5613.0,33.0,3,female,1
11.0,3293.0,55.0,3,female,1
22.0,1464.0,68.0,2,male,0
45.0,2583.0,36.0,4,male,1
26.0,3150.0,48.0,4,female,1
48.0,4498.0,19.0,3,male,0
5.0,2378.0,54.0,3,male,1
12.0,2653.0,46.0,4,male,0
21.0,2827.0,48.0,3,female,0
8.0,3478.0,40.0,4,male,1
29.0,887.0,49.0,3,male,1
7.0,5147.0,52.0,3,female,1
25.0,2960.0,47.0,2,male,1
4.0,2472.0,35.0,4,male,1
10.0,1356.0,36.0,1,male,1
24.0,2867.0,38.0,4,female,0
28.0,6960.0,36.0,4,male,1
8.0,1819.0,28.0,2,male,1
4.0,992.0,23.0,2,female,1
28.0,3150.0,37.0,4,male,1
8.0,2499.0,27.0,3,male,1
26.0,2446.0,34.0,2,female,1
38.0,1081.0,23.0,4,female,0
29.0,3125.0,22.0,1,female,1
4.0,3456.0,33.0,1,male,1
37.0,418.0,34.0,3,male,1
35.0,2738.0,64.0,2,male,1
13.0,3706.0,37.0,1,male,0
15.0,1515.0,50.0,1,female,1
39.0,808.0,43.0,1,female,1
25.0,2615.0,41.0,2,female,1
26.0,7555.0,35.0,1,male,1
35.0,3044.0,46.0,4,male,1
28.0,7711.0,45.0,2,male,1
55.0,3044.0,22.0,2,male,1
39.0,2224.0,46.0,2,male,1
23.0,1625.0,36.0,4,male,0
22.0,5294.0,20.0,3,male,0
17.0,1185.0,28.0,4,male,1
37.0,1827.0,46.0,1,male,1
6.0,1984.0,49.0,4,male,1
33.0,2930.0,37.0,4,male,0
13.0,2550.0,53.0,1,male,1
4.0,1081.0,47.0,3,male,1
34.0,1321.0,20.0,2,male,1
27.0,6081.0,26.0,3,male,0
25.0,2615.0,42.0,3,male,0
17.0,2484.0,27.0,3,male,0
21.0,2060.0,30.0,2,male,1
13.0,2893.0,41.0,1,female,1
39.0,1677.0,35.0,4,female,0
39.0,4508.0,30.0,3,male,1
21.0,3893.0,22.0,4,female,1
21.0,2475.0,63.0,4,female,1
25.0,4054.0,22.0,1,male,1
33.0,2296.0,33.0,1,male,0
24.0,2002.0,51.0,1,male,1
15.0,4152.0,37.0,3,male,1
18.0,2375.0,27.0,4,male,1
25.0,1597.0,25.0,3,female,1
19.0,5843.0,52.0,4,male,0
16.0,2245.0,47.0,4,female,1
37.0,3196.0,19.0,1,male,1
27.0,5626.0,22.0,2,male,1
33.0,1236.0,45.0,1,male,1
10.0,2098.0,58.0,3,male,1
32.0,4152.0,32.0,1,female,1
22.0,2128.0,49.0,4,male,0
18.0,1977.0,19.0,2,female,1
12.0,2296.0,19.0,1,male,1
13.0,2110.0,23.0,1,female,1
15.0,2099.0,44.0,1,male,1
23.0,3114.0,40.0,3,female,0
20.0,2618.0,46.0,2,female,1
47.0,6143.0,19.0,3,male,0
28.0,2996.0,58.0,2,male,1
25.0,6037.0,34.0,3,female,1
20.0,2694.0,68.0,3,male,1
11.0,6114.0,41.0,4,male,0
11.0,2329.0,19.0,4,male,0
26.0,4814.0,37.0,2,female,1
4.0,2718.0,28.0,4,male,1
43.0,5933.0,57.0,2,male,1
42.0,1656.0,40.0,1,female,1
4.0,1954.0,53.0,4,male,1
37.0,3120.0,28.0,1,male,0
35.0,1486.0,28.0,1,female,1
36.0,5596.0,40.0,1,male,0
30.0,2292.0,38.0,1,female,1
43.0,3366.0,27.0,3,male,1
11.0,4311.0,44.0,1,male,1
15.0,3456.0,52.0,4,female,0
29.0,1704.0,34.0,4,female,1
22.0,1200.0,31.0,3,female,1
4.0,988.0,31.0,1,female,1
32.0,1541.0,44.0,2,male,1
35.0,1692.0,36.0,2,male,1
19.0,1623.0,42.0,4,male,0
27.0,3200.0,51.0,1,male,1
34.0,1185.0,34.0,2,male,1
4.0,1006.0,34.0,3,male,1
14.0,2756.0,34.0,3,male,1
10.0,6156.0,56.0,4,male,1
20.0,1507.0,36.0,2,female,1
6.0,2341.0,38.0,4,male,1
5.0,2423.0,34.0,1,female,1
24.0,4436.0,49.0,4,male,1
46.0,3966.0,43.0,3,female,0
6.0,1973.0,24.0,2,male,1
43.0,4101.0,50.0,4,male,0
34.0,2611.0,42.0,1,male,1
34.0,3827.0,53.0,1,male,1
39.0,6309.0,45.0,3,female,1
16.0,787.0,36.0,3,male,1
36.0,1149.0,26.0,2,male,1
4.0,1173.0,49.0,1,female,1
11.0,1245.0,52.0,3,female,1
26.0,2639.0,27.0,4,male,1
32.0,2683.0,37.0,1,male,1
4.0,6081.0,43.0,1,male,1
4.0,5220.0,36.0,4,male,1
27.0,2919.0,42.0,1,female,0
25.0,2340.0,33.0,4,male,0
31.0,3557.0,30.0,4,male,1
21.0,3127.0,53.0,2,male,1
5.0,1936.0,19.0,4,female,0
36.0,3594.0,46.0,2,female,0
32.0,1932.0,28.0,2,male,1
24.0,2375.0,38.0,2,male,0
50.0,2337.0,30.0,3,male,1
25.0,1833.0,39.0,4,female,1
42.0,1793.0,30.0,3,female,0
20.0,2572.0,40.0,1,male,0
4.0,2272.0,21.0,2,female,1
7.0,1242.0,25.0,1,male,1
4.0,5863.0,36.0,1,female,0
18.0,6037.0,45.0,3,male,1
37.0,5921.0,28.0,3,male,1
4.0,4531.0,62.0,2,male,1
31.0,2374.0,33.0,3,male,1
18.0,1469.0,47.0,1,male,1
33.0,1427.0,19.0,3,female,1
27.0,958.0,25.0,3,male,1
9.0,2059.0,26.0,4,female,0
29.0,964.0,24.0,4,male,0
21.0,2615.0,19.0,1,male,0
33.0,2867.0,32.0,2,male,0
47.0,1896.0,27.0,1,female,0
19.0,1867.0,57.0,4,male,1
43.0,2417.0,37.0,1,male,1
20.0,3332.0,40.0,2,male,1
30.0,2061.0,19.0,1,male,0
24.0,5965.0,56.0,3,female,1
13.0,1511.0,56.0,3,male,1
23.0,1793.0,24.0,3,male,1
16.0,1925.0,25.0,2,male,1
29.0,2202.0,28.0,4,male,1
8.0,2745.0,55.0,1,female,1
9.0,3240.0,22.0,1,male,1
33.0,2069.0,25.0,1,male,1
29.0,5717.0,19.0,1,male,0
29.0,891.0,40.0,4,female,1
29.0,2846.0,48.0,4,female,0
35.0,2524.0,26.0,4,female,0
28.0,1163.0,51.0,1,male,1
34.0,1118.0,39.0,2,male,1
12.0,2575.0,27.0,4,female,0
28.0,4447.0,44.0,1,male,1
12.0,3014.0,53.0,4,male,0
6.0,2320.0,53.0,1,male,1
19.0,2052.0,44.0,3,female,0
30.0,1899.0,54.0,3,female,0
22.0,1981.0,37.0,2,female,1
45.0,3451.0,41.0,2,male,1
31.0,4289.0,60.0,3,female,0
27.0,3233.0,36.0,4,female,0
23.0,1687.0,28.0,4,female,0
4.0,3236.0,23.0,4,male,1
22.0,4127.0,31.0,3,male,1
22.0,892.0,19.0,1,male,1
45.0,2902.0,27.0,1,male,0
12.0,1833.0,24.0,2,female,1
20.0,2574.0,35.0,4,female,1
12.0,1196.0,21.0,4,male,1
24.0,1362.0,36.0,2,female,1
4.0,2245.0,37.0,1,male,1
26.0,1833.0,47.0,3,male,1
22.0,1882.0,50.0,3,male,1
24.0,1494.0,57.0,4,male,1
53.0,3102.0,35.0,4,female,1
21.0,4161.0,22.0,2,female,0
28.0,1440.0,47.0,1,male,1
22.0,2778.0,42.0,2,male,1
36.0,1940.0,32.0,1,female,1
51.0,2813.0,48.0,2,male,1
44.0,4345.0,63.0,4,male,1
26.0,2774.0,42.0,4,male,1
5.0,2230.0,33.0,3,male,1
27.0,1371.0,40.0,4,female,1
4.0,4276.0,27.0,1,male,1
10.0,5672.0,63.0,3,male,1
14.0,867.0,23.0,3,male,0
8.0,3229.0,26.0,1,male,1
22.0,2185.0,50.0,2,female,1
17.0,1194.0,35.0,4,male,1
12.0,5881.0,24.0,3,male,1
27.0,3176.0,49.0,2,male,1
12.0,6960.0,52.0,2,male,0
39.0,1588.0,19.0,4,male,1
30.0,1915.0,46.0,2,male,1
16.0,1053.0,49.0,1,male,1
27.0,2495.0,60.0,3,female,0
13.0,961.0,43.0,2,male,1
13.0,2020.0,47.0,3,male,1
35.0,4373.0,39.0,1,male,1
4.0,3143.0,46.0,3,female,0
28.0,3946.0,60.0,2,female,0
46.0,2606.0,47.0,1,female,0
4.0,3517.0,30.0,4,male,0
52.0,2294.0,37.0,3,male,1
4.0,1185.0,62.0,3,male,1
4.0,3060.0,23.0,4,male,1
4.0,2290.0,30.0,4,male,1
7.0,1552.0,30.0,4,female,1
14.0,1322.0,54.0,1,male,0
4.0,4432.0,27.0,3,male,0
19.0,979.0,32.0,2,male,1
32.0,1544.0,37.0,2,female,0
11.0,2892.0,45.0,3,male,1
23.0,3293.0,45.0,4,female,1
30.0,2738.0,25.0,1,male,1
45.0,1067.0,24.0,4,female,0
20.0,4168.0,21.0,3,female,1
31.0,2266.0,52.0,1,male,1
28.0,1081.0,35.0,4,male,1
22.0,4161.0,40.0,2,female,1
17.0,2267.0,37.0,4,female,0
26.0,887.0,20.0,2,male,0
31.0,522.0,19.0,3,male,1
4.0,2175.0,25.0,4,male,1
17.0,1714.0,62.0,3,female,0
26.0,2784.0,33.0,3,male,1
26.0,2602.0,44.0,4,male,0
26.0,1577.0,26.0,4,female,1
43.0,3036.0,68.0,4,male,1
35.0,2725.0,39.0,3,male,1
5.0,1336.0,19.0,1,male,0
43.0,3632.0,32.0,1,male,1
12.0,2644.0,41.0,3,female,0
11.0,2158.0,50.0,1,male,1
35.0,2902.0,34.0,1,male,1
17.0,1549.0,45.0,4,female,0
4.0,1544.0,40.0,1,male,1
30.0,2266.0,40.0,1,female,1
27.0,1447.0,33.0,3,male,1
29.0,5329.0,42.0,4,male,1
4.0,2714.0,51.0,4,male,1
32.0,3513.0,38.0,1,female,0
13.0,5996.0,34.0,4,male,1
33.0,5139.0,69.0,1,female,0
5.0,6960.0,46.0,3,male,0
9.0,1504.0,45.0,1,male,1
4.0,5660.0,21.0,1,female,1
11.0,1949.0,51.0,3,male,1
35.0,2175.0,19.0,2,male,1
25.0,2718.0,52.0,3,male,1
14.0,2522.0,41.0,1,male,0
40.0,2443.0,32.0,4,male,1
24.0,2864.0,30.0,4,male,1
32.0,5460.0,40.0,4,male,1
26.0,787.0,33.0,2,male,1
20.0,1093.0,19.0,4,female,0
23.0,1196.0,50.0,3,male,1
27.0,2855.0,20.0,2,female,1
36.0,2605.0,36.0,3,male,0
29.0,3014.0,32.0,3,male,1
33.0,6309.0,57.0,4,male,0
7.0,2468.0,19.0,2,male,1
4.0,1109.0,49.0,3,male,1
26.0,3086.0,43.0,1,male,1
23.0,6123.0,19.0,2,male,1
27.0,6694.0,22.0,3,male,1
8.0,2356.0,29.0,3,male,1
23.0,2648.0,25.0,3,female,1
7.0,2893.0,40.0,4,male,1
22.0,3344.0,44.0,1,female,1
20.0,2262.0,50.0,1,female,0
19.0,1928.0,29.0,1,male,1
25.0,5596.0,44.0,4,male,0
15.0,5478.0,35.0,4,male,1
21.0,2472.0,44.0,3,female,1
31.0,1831.0,37.0,4,male,1
42.0,1801.0,37.0,1,male,0
27.0,1326.0,34.0,3,male,1
32.0,1253.0,43.0,4,female,1
29.0,2122.0,39.0,3,male,0
44.0,1695.0,26.0,1,male,0
49.0,2879.0,19.0,3,female,1
13.0,1880.0,49.0,3,male,1
31.0,1488.0,47.0,4,male,0
25.0,2008.0,37.0,4,male,0
43.0,685.0,51.0,3,female,0
4.0,2911.0,37.0,3,female,1
13.0,2139.0,36.0,4,male,1
4.0,4915.0,33.0,1,male,1
40.0,1966.0,53.0,2,male,0
25.0,2253.0,60.0,1,male,1
30.0,1494.0,35.0,3,female,0
27.0,7073.0,31.0,4,male,0
25.0,2840.0,51.0,3,male,0
27.0,4621.0,49.0,3,male,1
16.0,2030.0,45.0,1,female,1
4.0,3261.0,21.0,1,male,1
26.0,1466.0,41.0,4,male,1
21.0,1778.0,39.0,4,male,0
14.0,2063.0,34.0,2,male,0
13.0,1503.0,42.0,4,male,0
39.0,3570.0,36.0,1,male,1
12.0,3745.0,42.0,1,female,1
8.0,4468.0,37.0,3,male,1
30.0,1488.0,34.0,2,male,1
41.0,1832.0,59.0,3,female,1
4.0,2365.0,37.0,4,male,0
8.0,3407.0,45.0,3,male,1
8.0,1208.0,49.0,3,male,1
26.0,2110.0,27.0,4,male,1
29.0,4127.0,36.0,1,female,1
40.0,2583.0,28.0,2,male,1
21.0,2288.0,36.0,2,female,0
18.0,1322.0,24.0,3,male,0
13.0,2019.0,48.0,4,female,0
36.0,3508.0,38.0,1,male,0
13.0,4079.0,24.0,4,female,0
10.0,966.0,43.0,1,female,1
18.0,2977.0,26.0,1,male,1
21.0,2001.0,21.0,2,female,0
27.0,1459.0,42.0,2,male,0
13.0,6101.0,38.0,2,female,0
45.0,3453.0,30.0,1,female,1
46.0,1357.0,46.0,4,male,0
7.0,1372.0,42.0,1,male,1
23.0,2634.0,39.0,4,male,1
8.0,1067.0,50.0,4,male,1
17.0,2141.0,41.0,1,male,1
5.0,3094.0,53.0,3,male,1
17.0,1163.0,41.0,3,male,0
25.0,2620.0,42.0,1,male,0
23.0,3012.0,19.0,3,male,1
4.0,1672.0,34.0,4,male,1
4.0,2863.0,61.0,4,male,1
4.0,3324.0,31.0,4,female,0
37.0,3015.0,36.0,2,male,0
19.0,1670.0,33.0,2,male,1
22.0,3717.0,19.0,1,male,1
41.0,2017.0,45.0,4,male,0
8.0,2631.0,60.0,1,male,0
27.0,2468.0,58.0,1,male,1
12.0,2373.0,35.0,2,male,0
24.0,826.0,27.0,4,male,1
4.0,4006.0,31.0,1,female,1
16.0,3066.0,44.0,4,male,1
20.0,2546.0,33.0,4,male,0
22.0,3260.0,47.0,2,female,1
4.0,1906.0,40.0,3,male,0
18.0,2185.0,24.0,1,female,1
33.0,3119.0,25.0,3,male,1
20.0,784.0,47.0,3,male,1
33.0,1601.0,48.0,1,male,1
30.0,1757.0,38.0,3,female,1
24.0,2021.0,55.0,3,female,1
16.0,1805.0,37.0,4,male,0
22.0,1571.0,34.0,4,male,1
9.0,2683.0,37.0,4,male,1
30.0,3563.0,45.0,3,female,0
25.0,3023.0,19.0,4,female,0
37.0,4054.0,39.0,4,female,1
51.0,3145.0,40.0,4,male,1
33.0,5147.0,28.0,3,male,0
29.0,5478.0,28.0,2,male,1
24.0,1889.0,53.0,2,male,1
33.0,1544.0,32.0,3,male,1
39.0,1770.0,34.0,1,male,1
17.0,1984.0,49.0,1,male,1
4.0,3443.0,24.0,4,female,1
4.0,3097.0,67.0,4,female,0
34.0,2680.0,29.0,4,male,1
27.0,1673.0,30.0,2,female,0
28.0,1935.0,21.0,4,male,0
4.0,2110.0,30.0,3,male,1
13.0,2653.0,27.0,2,male,0
4.0,483.0,31.0,4,male,0
6.0,2687.0,25.0,4,male,0
13.0,3081.0,19.0,4,male,0
12.0,1601.0,52.0,4,male,1
42.0,5059.0,47.0,4,male,1
4.0,3513.0,46.0,2,male,1
13.0,3417.0,44.0,2,female,0
11.0,991.0,44.0,2,male,1
22.0,3570.0,30.0,4,female,1
31.0,2588.0,69.0,3,female,1
10.0,2618.0,31.0,4,male,1
4.0,722.0,23.0,2,male,0
15.0,1013.0,63.0,2,female,0
26.0,2021.0,33.0,3,male,1
7.0,1129.0,38.0,3,male,0
34.0,4727.0,26.0,2,male,1
8.0,1279.0,34.0,4,male,1
12.0,3478.0,43.0,3,male,1
15.0,2870.0,41.0,1,female,1
46.0,8817.0,25.0,2,male,0
32.0,2463.0,47.0,3,female,1
26.0,5178.0,29.0,3,female,1
8.0,1896.0,19.0,3,female,1
7.0,1267.0,48.0,2,male,1
12.0,2855.0,41.0,4,female,0
43.0,4677.0,36.0,1,female,1
38.0,1832.0,28.0,4,male,1
23.0,4092.0,47.0,4,female,1
12.0,3221.0,35.0,4,female,1
4.0,2387.0,29.0,4,female,0
15.0,2654.0,44.0,1,male,1
28.0,2581.0,41.0,2,male,1
28.0,1757.0,24.0,3,male,0
26.0,2597.0,53.0,4,male,1
12.0,2977.0,19.0,4,male,1
28.0,1615.0,28.0,2,female,1
19.0,522.0,41.0,2,male,1
33.0,3374.0,37.0,4,female,0
24.0,1673.0,47.0,4,male,1
32.0,3220.0,45.0,4,female,0
26.0,1511.0,19.0,4,male,1
15.0,2925.0,54.0,4,female,1
36.0,2139.0,32.0,3,female,1
8.0,2014.0,37.0,3,male,0
30.0,2352.0,29.0,1,female,0
15.0,2886.0,25.0,2,female,0
16.0,923.0,45.0,3,male,1
25.0,4576.0,43.0,4,male,1
14.0,4052.0,40.0,2,female,1
8.0,2829.0,30.0,1,female,1
9.0,971.0,56.0,1,male,0
7.0,3684.0,42.0,1,male,0
21.0,2411.0,45.0,1,female,1
25.0,5707.0,39.0,3,female,0
20.0,1896.0,41.0,3,male,1
4.0,2139.0,51.0,4,male,1
23.0,3990.0,51.0,3,male,0
33.0,791.0,51.0,1,male,1
7.0,1948.0,39.0,3,male,1
9.0,2162.0,39.0,2,male,1
33.0,741.0,24.0,4,male,0
19.0,1432.0,35.0,4,female,1
35.0,2741.0,31.0,1,male,0
17.0,2855.0,28.0,2,male,1
4.0,5672.0,38.0,4,female,1
21.0,3925.0,39.0,4,male,1
20.0,1154.0,29.0,2,male,0
25.0,3602.0,19.0,1,male,1
10.0,2922.0,35.0,4,male,0
15.0,2534.0,37.0,3,male,1
48.0,1318.0,41.0,2,male,1
14.0,6144.0,28.0,4,male,1
42.0,6037.0,23.0,3,male,1
7.0,2808.0,19.0,4,male,0
24.0,1549.0,37.0,2,male,1
26.0,1301.0,30.0,2,male,1
33.0,1321.0,44.0,3,male,1
21.0,3808.0,21.0,2,female,1
12.0,948.0,53.0,1,female,1
22.0,4361.0,36.0,1,male,1
4.0,2165.0,35.0,3,female,1
4.0,2854.0,39.0,1,male,1
4.0,3541.0,46.0,1,female,1
42.0,7859.0,48.0,2,male,1
32.0,3558.0,19.0,4,female,0
46.0,2224.0,31.0,1,female,1
28.0,2957.0,43.0,1,female,1
4.0,2572.0,44.0,3,female,0
8.0,2453.0,40.0,2,female,1
25.0,2565.0,27.0,4,female,1
10.0,1389.0,42.0,2,female,1
9.0,2843.0,35.0,1,male,0
7.0,1138.0,37.0,3,male,1
11.0,4335.0,52.0,3,male,1
4.0,1967.0,36.0,3,male,1
27.0,1279.0,42.0,3,male,1
12.0,3409.0,55.0,4,male,1
38.0,3486.0,50.0,2,male,1
43.0,2587.0,23.0,3,male,1
20.0,1042.0,25.0,3,female,1
35.0,1185.0,19.0,1,male,1
35.0,3231.0,51.0,1,male,1
24.0,7602.0,36.0,1,male,0
19.0,2782.0,31.0,2,male,1
38.0,2854.0,37.0,1,male,1
30.0,3318.0,24.0,4,male,1
19.0,1511.0,44.0,2,female,1
14.0,4323.0,27.0,1,male,1
21.0,1749.0,48.0,1,male,1
33.0,2485.0,40.0,3,female,0
30.0,1572.0,37.0,1,male,1
13.0,1236.0,44.0,1,female,1
19.0,1594.0,35.0,1,female,0
23.0,1464.0,37.0,3,male,1
16.0,1970.0,52.0,4,male,1
20.0,5482.0,58.0,1,male,0
8.0,2827.0,44.0,2,female,1
10.0,1812.0,54.0,3,male,1
25.0,3032.0,19.0,1,female,1
24.0,1817.0,39.0,4,male,1
17.0,4361.0,37.0,3,female,1
49.0,3736.0,33.0,1,female,1
19.0,2014.0,44.0,3,female,1
30.0,2391.0,60.0,1,male,0
25.0,2536.0,44.0,4,female,0
15.0,1389.0,51.0,3,male,0
30.0,1313.0,54.0,4,male,0
35.0,2281.0,54.0,1,female,1
21.0,1486.0,38.0,3,male,1
28.0,2416.0,31.0,4,female,1
59.0,3839.0,52.0,2,male,1
9.0,2150.0,48.0,1,male,0
18.0,3311.0,33.0,2,male,1
29.0,6049.0,58.0,3,male,0
21.0,1954.0,28.0,2,male,1
11.0,5159.0,24.0,3,female,0
15.0,1553.0,37.0,4,male,1
18.0,1313.0,23.0,1,male,1
18.0,2684.0,36.0,1,male,0
22.0,2237.0,37.0,1,male,1
42.0,1102.0,31.0,1,male,0
24.0,4816.0,39.0,1,female,1
16.0,3794.0,24.0,2,female,0
30.0,1451.0,19.0,1,male,1
30.0,2192.0,48.0,3,male,1
8.0,2337.0,49.0,2,male,1
13.0,1227.0,48.0,1,female,0
7.0,2891.0,33.0,2,male,1
26.0,1173.0,43.0,1,male,1
33.0,961.0,34.0,3,male,1
18.0,5207.0,52.0,2,male,1
37.0,1781.0,25.0,3,male,0
14.0,1612.0,41.0,4,male,1
17.0,2160.0,33.0,3,male,1
20.0,1665.0,46.0,2,male,1
24.0,7225.0,39.0,3,female,1
43.0,3150.0,19.0,2,male,1
7.0,3752.0,34.0,2,male,1
29.0,3890.0,27.0,4,male,1
22.0,7167.0,44.0,1,male,1
36.0,771.0,48.0,2,male,1
4.0,3627.0,25.0,3,female,0
7.0,2661.0,42.0,3,male,0
44.0,2583.0,27.0,3,male,1
38.0,4528.0,33.0,1,male,1
35.0,3439.0,40.0,1,male,0
20.0,957.0,52.0,2,male,1
35.0,2824.0,43.0,3,male,0
21.0,2230.0,46.0,3,male,0
7.0,4345.0,33.0,3,male,1
19.0,811.0,36.0,2,female,1
18.0,3435.0,45.0,1,female,0
8.0,2620.0,39.0,1,male,1
14.0,3452.0,40.0,1,male,1
12.0,3009.0,42.0,4,female,0
28.0,811.0,57.0,4,male,1
34.0,3538.0,55.0,1,male,1
35.0,2426.0,55.0,1,male,1
35.0,1604.0,42.0,2,male,1
8.0,3948.0,29.0,3,female,1
29.0,2411.0,25.0,1,male,1
32.0,5863.0,40.0,2,male,1
27.0,4323.0,27.0,3,male,0
9.0,1329.0,19.0,3,female,0
4.0,3594.0,35.0,2,male,1
23.0,2456.0,65.0,1,male,1
10.0,2407.0,38.0,2,female,1
33.0,2267.0,40.0,4,female,0
4.0,4109.0,37.0,1,male,1
28.0,1586.0,39.0,4,female,1
16.0,3087.0,23.0,3,male,0
4.0,1037.0,40.0,4,male,1
15.0,2901.0,48.0,1,male,0
19.0,1217.0,41.0,1,male,0
32.0,1219.0,41.0,1,male,0
32.0,2411.0,38.0,3,male,0
37.0,1334.0,47.0,2,male,1
31.0,4372.0,26.0,2,male,1
15.0,1335.0,19.0,2,male,0
16.0,5707.0,33.0,3,female,1
23.0,3752.0,38.0,1,male,0
17.0,2572.0,45.0,4,female,0
4.0,3384.0,30.0,1,female,1
4.0,2701.0,40.0,2,male,1
31.0,7859.0,38.0,3,female,1
23.0,3187.0,47.0,2,female,1
46.0,1835.0,33.0,2,male,0
14.0,3001.0,46.0,1,female,0
34.0,2052.0,47.0,2,male,1
23.0,2373.0,35.0,2,male,0
27.0,1819.0,36.0,1,female,1
22.0,1866.0,33.0,3,male,1
35.0,3818.0,30.0,1,male,0
28.0,2414.0,31.0,1,female,1
15.0,3644.0,26.0,1,male,1
20.0,2072.0,46.0,3,male,1
18.0,2346.0,42.0,1,male,1
22.0,1932.0,37.0,3,female,1
24.0,4831.0,39.0,4,male,1
16.0,5843.0,39.0,2,male,1
13.0,2341.0,56.0,3,male,1
21.0,3903.0,49.0,4,male,1
4.0,1093.0,34.0,1,female,0
26.0,1220.0,46.0,1,female,0
26.0,3600.0,20.0,4,male,1
4.0,925.0,32.0,1,male,1
7.0,8817.0,30.0,4,male,0
21.0,4144.0,42.0,4,male,0
4.0,5967.0,32.0,1,male,1
27.0,2363.0,29.0,4,male,1
34.0,1178.0,29.0,2,female,1
27.0,1522.0,22.0,2,male,1
33.0,1541.0,23.0,4,male,1
20.0,3822.0,27.0,1,male,0
32.0,1400.0,42.0,2,male,1
30.0,1589.0,40.0,2,male,1
19.0,5672.0,47.0,1,male,0
22.0,1256.0,58.0,2,female,1
4.0,1749.0,48.0,3,male,1
4.0,5059.0,19.0,3,male,0
34.0,8107.0,31.0,3,male,1
34.0,992.0,55.0,2,male,1
10.0,689.0,39.0,1,male,1
4.0,1677.0,42.0,1,female,1
4.0,2736.0,40.0,1,male,0
36.0,2446.0,23.0,3,female,1
26.0,1861.0,42.0,4,male,1
46.0,1220.0,36.0,2,female,0
38.0,3883.0,27.0,1,male,1
47.0,1926.0,42.0,2,female,0
32.0,1759.0,58.0,3,male,1
14.0,2515.0,36.0,3,female,1
17.0,5344.0,24.0,4,male,0
35.0,2755.0,37.0,4,male,1
4.0,8123.0,28.0,1,male,1
28.0,2084.0,19.0,3,female,0
16.0,3439.0,32.0,3,male,0
38.0,804.0,41.0,1,male,1
14.0,1749.0,27.0,1,male,1
12.0,2446.0,37.0,2,male,1
33.0,1707.0,36.0,4,female,1
4.0,1576.0,32.0,4,female,0
35.0,1868.0,33.0,2,female,0
25.0,1457.0,34.0,2,male,1
13.0,1867.0,34.0,1,female,1
30.0,2602.0,36.0,2,female,0
15.0,3032.0,43.0,4,male,0
29.0,1372.0,32.0,2,male,1
22.0,2208.0,28.0,3,male,1
31.0,1599.0,43.0,4,female,0
9.0,3990.0,30.0,2,male,0
12.0,6101.0,63.0,1,male,0
45.0,2809.0,35.0,2,male,1
25.0,3120.0,61.0,2,male,1
18.0,2147.0,40.0,4,male,1
9.0,3214.0,41.0,2,female,1
14.0,2200.0,48.0,2,female,1
24.0,1223.0,42.0,4,male,1
5.0,4814.0,36.0,1,female,1
20.0,7770.0,34.0,2,male,0
18.0,3486.0,27.0,2,female,0
4.0,2463.0,27.0,2,male,1
21.0,3217.0,48.0,3,male,1
37.0,6070.0,19.0,3,male,1
15.0,1952.0,58.0,1,female,1
18.0,3702.0,49.0,4,female,1
24.0,2765.0,34.0,2,male,0
13.0,787.0,57.0,3,female,1
4.0,2029.0,60.0,3,male,1
21.0,3409.0,51.0,3,female,0
15.0,3034.0,19.0,4,female,0
12.0,2352.0,19.0,2,male,1
39.0,1253.0,45.0,2,male,1
22.0,2885.0,24.0,3,male,0
11.0,2758.0,42.0,2,female,0
12.0,3344.0,33.0,4,male,0
42.0,6484.0,42.0,2,male,1
32.0,2588.0,34.0,1,female,1
4.0,4447.0,37.0,4,male,0
29.0,3265.0,19.0,1,male,1
14.0,10509.0,37.0,4,male,0
13.0,3282.0,27.0,1,male,0
35.0,8817.0,50.0,3,male,1
30.0,1459.0,29.0,4,male,1
10.0,1272.0,42.0,4,male,0
21.0,3261.0,44.0,2,male,1
29.0,2369.0,35.0,3,male,1
19.0,5118.0,28.0,4,female,0
26.0,3902.0,38.0,3,male,0
12.0,3914.0,36.0,4,male,0
38.0,1676.0,46.0,4,female,0
40.0,2536.0,27.0,4,male,1
12.0,3966.0,24.0,3,male,0
4.0,1880.0,45.0,3,male,0
15.0,2573.0,39.0,1,female,1
32.0,4915.0,51.0,1,male,1
24.0,2504.0,53.0,3,male,1
20.0,2913.0,19.0,1,male,1
23.0,4915.0,40.0,3,male,1
4.0,3231.0,38.0,1,male,1
20.0,1126.0,37.0,1,male,0
20.0,2756.0,48.0,1,male,1
13.0,2603.0,60.0,3,male,1
32.0,3116.0,35.0,1,male,1
12.0,7866.0,36.0,3,male,0
13.0,4757.0,45.0,3,male,1
30.0,2819.0,46.0,2,male,1
29.0,1827.0,35.0,3,male,0
22.0,4054.0,47.0,4,male,1
24.0,2863.0,53.0,3,male,1
26.0,5220.0,31.0,4,female,0
25.0,3087.0,51.0,4,female,0
8.0,4363.0,28.0,4,male,0
32.0,1673.0,51.0,3,male,1
47.0,2379.0,27.0,1,male,1
26.0,2658.0,27.0,3,male,1
17.0,1632.0,21.0,1,female,1
36.0,3200.0,33.0,1,male,0
29.0,2101.0,36.0,2,male,1
11.0,2098.0,35.0,4,female,1
20.0,1778.0,32.0,3,female,1
13.0,2452.0,34.0,4,male,0
34.0,1030.0,30.0,4,male,1
4.0,4103.0,32.0,4,male,0
37.0,3227.0,38.0,1,male,0
12.0,3474.0,30.0,1,female,1
25.0,5072.0,38.0,3,female,1
15.0,2977.0,24.0,4,male,0
26.0,2177.0,21.0,3,female,0
36.0,5322.0,46.0,1,male,1
29.0,2085.0,27.0,2,male,1
5.0,2784.0,37.0,2,male,1
18.0,804.0,25.0,1,female,1
23.0,1932.0,19.0,1,female,1
46.0,2565.0,21.0,4,female,1
14.0,3578.0,26.0,3,male,1
16.0,3368.0,51.0,1,male,1
11.0,4235.0,28.0,3,female,0
20.0,1896.0,38.0,3,female,1
30.0,1899.0,31.0,4,female,1
8.0,2833.0,37.0,1,male,1
39.0,1646.0,22.0,1,male,1
38.0,2052.0,49.0,4,male,1
32.0,2618.0,38.0,1,male,1
29.0,864.0,30.0,1,female,0
52.0,1042.0,45.0,3,female,1
7.0,3119.0,19.0,4,male,0
14.0,1696.0,28.0,4,male,0
49.0,3782.0,40.0,1,female,1
5.0,1932.0,54.0,3,male,1
25.0,1402.0,30.0,1,female,1
19.0,3477.0,58.0,3,male,1
9.0,2154.0,50.0,1,female,0
9.0,3032.0,26.0,4,female,1
18.0,1731.0,42.0,4,male,0
25.0,1597.0,49.0,2,male,1
27.0,2084.0,25.0,2,male,0
29.0,1612.0,54.0,4,male,1
22.0,2241.0,19.0,1,male,1
21.0,1406.0,52.0,2,male,0
29.0,3009.0,50.0,2,male,1
13.0,3737.0,56.0,3,male,1
4.0,3150.0,46.0,4,male,0
32.0,1220.0,39.0,1,female,1
4.0,4714.0,19.0,1,female,1
28.0,941.0,57.0,1,male,1
38.0,2804.0,44.0,1,male,1
5.0,2587.0,46.0,1,male,1
4.0,3640.0,30.0,1,male,1
10.0,1705.0,19.0,1,male,1
25.0,1905.0,42.0,3,male,1
8.0,4510.0,27.0,3,female,0
34.0,4528.0,36.0,2,male,1
29.0,1402.0,42.0,3,male,0
8.0,2100.0,22.0,3,male,1
31.0,1604.0,41.0,2,male,0
4.0,522.0,27.0,1,male,1
15.0,4486.0,30.0,4,male,0
24.0,1742.0,45.0,2,male,0
38.0,2573.0,20.0,2,male,1
32.0,2846.0,30.0,2,male,1
41.0,1208.0,34.0,3,male,0
4.0,3929.0,48.0,2,male,1
59.0,1776.0,36.0,1,female,0
9.0,1082.0,43.0,1,male,1
25.0,2961.0,24.0,1,male,0
42.0,2732.0,19.0,1,female,1
28.0,1866.0,35.0,1,male,1
37.0,2417.0,55.0,4,female,1
5.0,5967.0,42.0,1,male,1
7.0,3541.0,31.0,2,male,1
15.0,2469.0,29.0,4,male,0
13.0,2017.0,52.0,2,female,1
22.0,6309.0,44.0,2,male,1
17.0,1958.0,20.0,1,male,1
6.0,854.0,19.0,1,female,1
24.0,4758.0,60.0,1,male,1
4.0,1885.0,38.0,1,male,1
12.0,774.0,36.0,2,female,1
25.0,1119.0,40.0,3,female,1
9.0,1147.0,35.0,4,male,0
21.0,771.0,34.0,4,male,1
30.0,1625.0,36.0,3,female,0
41.0,1820.0,19.0,4,male,0
37.0,5901.0,33.0,3,female,0
33.0,2370.0,31.0,1,male,1
27.0,1820.0,49.0,1,male,0
5.0,2214.0,48.0,3,male,0
10.0,2725.0,32.0,4,male,0
9.0,4123.0,35.0,4,male,1
14.0,4915.0,37.0,3,male,0
19.0,854.0,59.0,4,female,1
8.0,1069.0,48.0,3,male,1
15.0,2441.0,28.0,2,female,1
35.0,6866.0,54.0,2,male,1
15.0,1896.0,26.0,3,male,0
4.0,4335.0,50.0,4,male,1
17.0,1835.0,37.0,1,male,1
19.0,1835.0,23.0,1,male,1
16.0,2130.0,31.0,4,male,0
49.0,5263.0,35.0,2,female,1
33.0,1932.0,49.0,4,female,0
44.0,2596.0,52.0,3,male,1
13.0,2928.0,19.0,3,male,1
31.0,4039.0,31.0,4,female,0
24.0,2555.0,49.0,2,male,1
20.0,3941.0,42.0,4,male,1
10.0,5996.0,42.0,4,male,0
24.0,3768.0,44.0,4,male,0
4.0,2002.0,45.0,1,male,1
33.0,2314.0,52.0,2,female,1
55.0,2927.0,32.0,4,female,0
40.0,2160.0,19.0,4,male,1
4.0,1316.0,41.0,4,male,1
23.0,1470.0,29.0,4,female,1
11.0,1843.0,19.0,2,male,0
13.0,854.0,36.0,3,male,0
17.0,11404.0,28.0,4,female,1
36.0,3927.0,36.0,3,male,1
30.0,1857.0,19.0,1,male,0
10.0,1629.0,42.0,3,female,1
28.0,4803.0,36.0,3,male,1
23.0,1119.0,38.0,2,male,0
47.0,1414.0,28.0,2,male,1
4.0,4276.0,27.0,4,male,1
19.0,2378.0,47.0,4,female,1
8.0,3736.0,44.0,1,male,0
20.0,2621.0,33.0,1,female,1
4.0,2454.0,22.0,2,male,0
9.0,1748.0,41.0,3,male,0
19.0,3200.0,31.0,3,female,1
13.0,2823.0,46.0,1,male,1
9.0,2808.0,28.0,3,male,1
19.0,1978.0,38.0,1,female,1
13.0,4679.0,40.0,1,female,1
8.0,2568.0,30.0,3,female,0
17.0,3439.0,42.0,3,male,1
21.0,1298.0,21.0,2,male,1
25.0,981.0,51.0,3,male,1
4.0,3607.0,31.0,3,male,1
15.0,1746.0,31.0,2,male,1
35.0,1572.0,34.0,4,male,1
4.0,3001.0,32.0,3,male,0
22.0,5086.0,28.0,4,male,1
14.0,2126.0,38.0,1,male,1
35.0,2128.0,29.0,4,male,0
36.0,3172.0,33.0,1,male,1
24.0,3337.0,38.0,1,male,1
14.0,2568.0,34.0,1,male,1
4.0,892.0,27.0,1,male,1
13.0,3736.0,45.0,2,female,1
9.0,1602.0,59.0,2,male,0
21.0,7257.0,30.0,1,male,1
41.0,1727.0,46.0,2,female,1
46.0,2843.0,28.0,3,male,0
25.0,2423.0,33.0,1,male,1
22.0,2784.0,24.0,4,male,1
19.0,8107.0,30.0,1,male,1
25.0,2162.0,28.0,4,female,1
18.0,4302.0,35.0,3,male,1
44.0,2522.0,33.0,1,male,1
11.0,2034.0,62.0,4,female,0
22.0,3739.0,27.0,3,female,0
13.0,2978.0,43.0,1,male,1
33.0,2262.0,46.0,4,female,1
44.0,1465.0,19.0,2,female,0
29.0,3137.0,19.0,3,male,0
23.0,12164.0,47.0,4,male,1
21.0,2320.0,23.0,1,male,1
28.0,3512.0,33.0,1,female,0
15.0,1832.0,19.0,3,male,1
42.0,12164.0,25.0,1,female,0
44.0,1129.0,33.0,4,male,1
34.0,1850.0,49.0,1,male,1
32.0,879.0,60.0,4,female,0
16.0,3575.0,29.0,4,female,0
45.0,2756.0,54.0,1,male,1
4.0,3119.0,36.0,1,male,1
12.0,2468.0,34.0,4,female,0
49.0,5857.0,35.0,1,female,0
16.0,5218.0,34.0,3,male,1
10.0,4631.0,19.0,3,male,0
4.0,515.0,35.0,4,female,0
34.0,1515.0,24.0,3,female,0
36.0,2661.0,40.0,1,male,1
24.0,3997.0,67.0,4,female,1
4.0,515.0,21.0,3,male,1
20.0,5857.0,56.0,4,female,0
11.0,2995.0,24.0,1,female,1
33.0,5889.0,33.0,4,female,1
40.0,1321.0,49.0,3,female,0
27.0,1633.0,42.0,2,male,1
27.0,1395.0,50.0,3,female,1
41.0,1816.0,52.0,2,female,1
44.0,1640.0,34.0,1,male,1
6.0,935.0,30.0,1,female,1
27.0,5051.0,44.0,3,male,1
7.0,3318.0,42.0,3,female,0
12.0,1572.0,57.0,3,male,1
36.0,818.0,19.0,1,male,1
7.0,4600.0,49.0,1,male,1
19.0,743.0,42.0,2,male,1
38.0,1350.0,33.0,3,male,0
27.0,1217.0,27.0,2,male,1
4.0,1625.0,27.0,3,male,1
20.0,3172.0,28.0,1,female,1
18.0,3902.0,56.0,2,female,0
10.0,2913.0,37.0,2,male,0
47.0,1316.0,34.0,2,male,1
22.0,5015.0,37.0,2,male,1
22.0,4679.0,43.0,3,female,1
35.0,3773.0,46.0,2,female,1
24.0,7906.0,37.0,4,male,0
5.0,1349.0,34.0,1,female,1
22.0,1612.0,28.0,1,male,1
27.0,1601.0,36.0,3,male,1
24.0,1778.0,35.0,4,female,0
35.0,3513.0,30.0,2,male,1
33.0,2790.0,34.0,1,male,1
28.0,1998.0,51.0,4,male,1
20.0,4576.0,46.0,1,male,1
22.0,2369.0,40.0,2,male,0
46.0,1863.0,51.0,2,male,1
4.0,1731.0,38.0,1,male,1
36.0,1185.0,50.0,4,male,1
28.0,2168.0,37.0,3,female,1
13.0,1504.0,54.0,2,female,0
22.0,2314.0,43.0,3,male,1
30.0,3029.0,34.0,1,male,1
4.0,3120.0,24.0,2,male,1
24.0,1936.0,38.0,3,male,1
29.0,6660.0,39.0,4,male,1
10.0,1272.0,24.0,1,female,1
24.0,3568.0,35.0,3,male,1
40.0,2499.0,30.0,1,male,0
25.0,2863.0,40.0,1,male,0
11.0,1677.0,22.0,4,male,1
4.0,1572.0,36.0,4,male,1
4.0,3425.0,60.0,1,male,1
34.0,936.0,48.0,4,female,1
19.0,2621.0,37.0,3,male,1
21.0,1069.0,55.0,4,male,0
19.0,878.0,32.0,4,male,1
12.0,2524.0,46.0,4,male,0
45.0,1835.0,40.0,3,female,0
31.0,6882.0,33.0,1,male,1
41.0,923.0,42.0,1,male,1
7.0,2620.0,65.0,2,female,0
30.0,2597.0,27.0,1,male,1
31.0,2687.0,27.0,3,male,1
8.0,1894.0,57.0,3,male,0
11.0,978.0,29.0,4,female,1
12.0,3575.0,36.0,4,male,1
35.0,3658.0,32.0,1,male,1
25.0,3026.0,28.0,4,female,0
13.0,2828.0,42.0,3,male,1
31.0,4672.0,26.0,2,male,1
13.0,4103.0,25.0,1,male,1
24.0,3544.0,34.0,3,female,0
21.0,1745.0,43.0,4,male,1
11.0,4145.0,54.0,3,male,0
34.0,1512.0,36.0,3,male,1
22.0,3028.0,48.0,3,female,1
4.0,1374.0,53.0,4,female,1
20.0,2226.0,42.0,1,male,1
41.0,3764.0,47.0,1,female,1
4.0,2022.0,34.0,4,female,0
33.0,4083.0,19.0,4,male,0
25.0,1915.0,46.0,1,male,1
7.0,5901.0,25.0,3,male,0
22.0,2237.0,43.0,4,male,1
8.0,8747.0,28.0,3,female,1
4.0,3554.0,24.0,2,female,1
27.0,2411.0,36.0,4,female,1
26.0,1316.0,23.0,4,female,0
4.0,1940.0,37.0,4,male,1
15.0,6934.0,35.0,2,female,1
22.0,1207.0,34.0,1,male,1
4.0,992.0,54.0,2,male,1
35.0,2901.0,47.0,3,male,1
12.0,4800.0,35.0,1,female,1
27.0,2007.0,46.0,4,male,0
30.0,1521.0,41.0,1,female,1
10.0,2150.0,33.0,4,male,1
26.0,2174.0,22.0,2,male,1
23.0,4447.0,29.0,1,female,1
27.0,6623.0,60.0,2,female,0
16.0,2244.0,37.0,3,female,1
34.0,1553.0,43.0,4,male,1
31.0,1246.0,57.0,1,female,1
42.0,936.0,28.0,4,female,0
35.0,2374.0,50.0,2,male,1
5.0,999.0,19.0,1,male,1
15.0,3558.0,25.0,1,male,1
27.0,2151.0,19.0,4,male,0
34.0,1670.0,37.0,1,male,1
13.0,5294.0,37.0,2,male,1
22.0,923.0,28.0,3,female,1
26.0,3944.0,30.0,4,male,0
21.0,2583.0,68.0,1,female,1
35.0,2837.0,41.0,3,male,1
9.0,2415.0,43.0,3,male,1
28.0,1301.0,27.0,1,female,0
12.0,3366.0,28.0,2,male,0
27.0,4630.0,39.0,2,male,1
10.0,808.0,33.0,3,male,0
18.0,2572.0,35.0,2,male,0
34.0,2295.0,34.0,2,male,1
10.0,2052.0,19.0,3,male,0
23.0,3044.0,41.0,4,male,0
30.0,2184.0,39.0,1,male,1
21.0,1966.0,43.0,3,male,1
18.0,4611.0,45.0,2,female,0
22.0,1404.0,58.0,2,female,1
11.0,1949.0,32.0,4,male,0
32.0,1952.0,39.0,1,male,1
32.0,1557.0,53.0,1,male,1
44.0,1865.0,33.0,2,male,0
26.0,5178.0,51.0,1,female,1
35.0,1527.0,31.0,4,male,1
16.0,7993.0,32.0,4,female,0
28.0,991.0,25.0,1,male,1
10.0,660.0,35.0,2,female,1
25.0,1635.0,62.0,1,male,1
18.0,1175.0,59.0,2,male,1
34.0,4761.0,38.0,2,male,1
4.0,3069.0,43.0,4,male,1
20.0,1323.0,50.0,3,male,1
18.0,2150.0,25.0,3,male,1
31.0,2027.0,32.0,4,male,1
13.0,8747.0,36.0,2,male,1
17.0,2602.0,19.0,4,male,1
38.0,2824.0,28.0,1,male,1
14.0,3196.0,30.0,2,male,0
17.0,2727.0,33.0,4,female,0
36.0,2435.0,35.0,1,female,1
4.0,1464.0,19.0,4,male,0
27.0,2537.0,42.0,1,male,1
26.0,2709.0,31.0,4,male,1
25.0,1124.0,42.0,1,female,1
4.0,2478.0,43.0,3,male,0
4.0,1175.0,34.0,1,female,1
12.0,935.0,58.0,4,male,0
11.0,2294.0,19.0,1,male,1
31.0,3191.0,36.0,1,female,1
16.0,3941.0,37.0,1,male,0
40.0,1805.0,54.0,1,female,1
22.0,1039.0,35.0,4,male,0
30.0,1459.0,42.0,1,male,1
13.0,2065.0,38.0,1,female,1
14.0,2239.0,61.0,3,male,0
27.0,3114.0,33.0,2,male,1
33.0,2175.0,27.0,3,male,0
13.0,4168.0,31.0,2,male,1
38.0,1705.0,41.0,4,female,0
19.0,3101.0,54.0,1,male,1
42.0,3443.0,19.0,1,female,0
7.0,2947.0,22.0,2,male,0
17.0,3196.0,54.0,3,male,1
30.0,1313.0,31.0,4,male,0
21.0,3838.0,28.0,3,male,1
15.0,1831.0,31.0,4,male,1
30.0,2175.0,27.0,3,male,0
34.0,1370.0,24.0,4,female,1
17.0,2927.0,37.0,1,male,1
32.0,1921.0,28.0,4,female,0
16.0,1633.0,57.0,2,male,1
12.0,3465.0,19.0,3,female,1
38.0,1583.0,42.0,4,male,1
15.0,2922.0,28.0,4,male,1
16.0,2648.0,57.0,1,male,1
32.0,3227.0,26.0,2,female,0
9.0,2465.0,42.0,1,male,1
10.0,1203.0,55.0,1,male,1
18.0,2606.0,43.0,4,male,1
23.0,2960.0,29.0,3,male,1
34.0,6581.0,35.0,3,male,1
20.0,6309.0,39.0,1,female,1
14.0,3839.0,54.0,2,female,0
6.0,4060.0,38.0,3,female,1
18.0,522.0,43.0,4,male,1
16.0,1823.0,24.0,3,female,1
35.0,1327.0,37.0,3,male,1
4.0,3332.0,51.0,1,male,1
4.0,3200.0,34.0,1,male,0
4.0,3217.0,31.0,3,male,1
19.0,3334.0,32.0,1,male,1
27.0,2975.0,51.0,2,male,1
43.0,2316.0,42.0,3,male,1
4.0,1757.0,41.0,4,male,1
24.0,3560.0,28.0,1,male,1
14.0,2445.0,19.0,1,female,1
43.0,4349.0,50.0,4,male,0
26.0,1934.0,31.0,1,male,1
41.0,2110.0,47.0,4,male,0
22.0,1572.0,42.0,3,male,1
35.0,3505.0,30.0,4,female,0
26.0,1541.0,24.0,3,female,0
14.0,685.0,47.0,1,male,1
34.0,1553.0,19.0,3,male,1
18.0,1646.0,19.0,1,male,1
4.0,2393.0,55.0,2,female,1
20.0,2008.0,27.0,3,female,1
7.0,4800.0,39.0,3,female,0
28.0,2906.0,49.0,4,male,0
41.0,4125.0,62.0,3,female,0
26.0,5207.0,25.0,4,male,1
29.0,4315.0,35.0,3,male,1
7.0,3948.0,47.0,2,male,1
12.0,1894.0,36.0,3,male,1
14.0,3108.0,27.0,2,female,0
46.0,2354.0,48.0,4,female,1
16.0,3705.0,19.0,2,male,0
25.0,1802.0,48.0,2,male,0
4.0,3460.0,36.0,4,male,1
15.0,1879.0,36.0,1,female,1
23.0,3658.0,29.0,3,male,1
20.0,4761.0,34.0,2,male,1
18.0,4777.0,49.0,4,female,1
27.0,1983.0,39.0,3,male,1
28.0,5072.0,50.0,1,male,0
7.0,929.0,42.0,3,male,0
5.0,2669.0,32.0,4,female,1
29.0,1102.0,33.0,2,male,1
32.0,2490.0,37.0,4,female,0
4.0,1242.0,31.0,4,female,1
30.0,2423.0,53.0,1,male,1
4.0,1640.0,23.0,2,male,1
19.0,4884.0,57.0,4,female,0
38.0,7635.0,29.0,2,female,1
4.0,3878.0,26.0,2,female,0
22.0,4311.0,36.0,1,female,1
19.0,3181.0,22.0,1,male,1
7.0,2352.0,56.0,4,male,0
32.0,2187.0,56.0,3,male,0
10.0,1274.0,53.0,4,male,1
13.0,1585.0,57.0,3,male,1
8.0,3766.0,51.0,1,male,0
27.0,1997.0,19.0,1,male,1
29.0,3085.0,44.0,3,male,1
39.0,1515.0,28.0,4,male,1
18.0,7859.0,47.0,3,female,0
11.0,5162.0,34.0,3,male,0
41.0,2404.0,31.0,4,female,1
13.0,6660.0,26.0,2,male,1
30.0,3306.0,43.0,2,female,1
42.0,4528.0,50.0,4,female,0
32.0,2306.0,24.0,2,male,1
4.0,1944.0,40.0,1,male,1
8.0,5354.0,42.0,2,female,1
12.0,3702.0,35.0,4,male,0
32.0,3914.0,35.0,1,male,1
